分類,施設名,組織,利用定員（2・3号）,所在地,電話番号,受入開始月齢,卒園年齢,保育標準時間（11時間） 開始,終了,保育短時間（８時間） 開始,終了,延長保育 開始時間（朝）,終了時間（夕）,一時預かり（一時保育）,園庭開放
幼保連携型認定こども園,幼保連携型認定こども園　岩岡こども園,（福）,100＊,岩岡町岩岡１１４４－９,967-0301,生後６か月,５歳児クラス,7:00,18:00,8:30,16:30,7:00,19:00,○,○
幼保連携型認定こども園,幼保連携型認定こども園　岩岡こども園　分園,（福）,40＊,岩岡町岩岡１１４１－５,967-0346,生後６か月,５歳児クラス,7:00,18:00,8:30,16:30,7:00,19:00,○,
幼保連携型認定こども園,幼保連携型認定こども園　おっこう山,（福）,90＊,神出町五百蔵１４２－４００,965-1445,生後６か月,５歳児クラス,7:30,18:30,8:30,16:30,7:00,19:00,○,○
幼保連携型認定こども園,幼保連携型認定こども園　あさひ保育園,（福）,240＊,桜が丘東町１－３－１,994-0170,生後６か月,５歳児クラス,7:00,18:00,9:00,17:00,7:00,20:00,○,○
幼保連携型認定こども園,幼保連携型認定こども園　YMCA保育園,（福）,130,学園西町５－４,794-3901,生後６か月,５歳児クラス,7:00,18:00,8:30,16:30,7:00,19:00,○,○
幼保連携型認定こども園,幼保連携型認定こども園　YMCA保育園　おひさま分園,（福）,20,学園西町７－２－１－１０１,794-4080,生後６か月,５歳児クラス,7:00,18:00,8:30,16:30,7:00,19:00,○,○
幼保連携型認定こども園,幼保連携型認定こども園　なごみ保育園,（福）,90,伊川谷町上脇字平山９５２－１,978-0753,生後６か月,５歳児クラス,7:00,18:00,8:30,16:30,7:00,19:00,○,○
幼保連携型認定こども園,幼保連携型認定こども園　西神戸YMCA保育園,（福）,70,学園西町１－１－２,792-1011,生後６か月,５歳児クラス,7:00,18:00,8:30,16:30,7:00,19:00,○,○
幼保連携型認定こども園,幼保連携型認定こども園　神戸潤和保育園,（福）,60＊,伊川谷町潤和１５３８－１,976-5700,生後６か月,５歳児クラス,7:00,18:00,8:00,16:00,7:00,19:00,○,○
幼保連携型認定こども園,幼保連携型認定こども園　神戸学園都市YMCAこども園,（福）,80,学園東町２－１－３,791-2955,生後６か月,５歳児クラス,7:00,18:00,8:30,16:30,7:00,19:00,○,○
幼保連携型認定こども園,認定こども園　ななほし保育園,（福）,60*,池上１－１３－１１,976-7784,生後６か月,５歳児クラス,7:30,18:30,9:00,17:00,7:00,19:00,○,○
幼保連携型認定こども園,幼保連携型認定こども園　あい保育園,（福）,150,伊川谷町有瀬１１３７－８,974-5588,生後６か月,５歳児クラス,7:00,18:00,8:30,16:30,7:00,19:00,○,○
幼保連携型認定こども園,幼保連携型認定こども園　あゆみ幼児園,（福）,120,糀台３－３２－７,991-3100,生後６か月,５歳児クラス,7:00,18:00,8:30,16:30,7:00,20:00,○,○
幼保連携型認定こども園,幼保連携型認定こども園　同朋にこにこ園,（福）,170*,井吹台西町４－６,996-1525,生後６か月,５歳児クラス,7:00,18:00,8:30,16:30,7:00,20:00,○,○
幼保連携型認定こども園,幼保連携型認定こども園　同朋にこにこ園　分園なのはな,（福）,18,井吹台東町１－１,962-5068,生後６か月,５歳児クラス,7:00,18:00,8:30,16:30,7:00,19:00,○,○
幼保連携型認定こども園,幼保連携型認定こども園　わらべ保育園,（福）,80,宮下３－１２－１３,921-0740,生後６か月,５歳児クラス,7:00,18:00,8:00,16:00,7:00,19:00,○,○
幼保連携型認定こども園,幼保連携型認定こども園　有瀬幼稚園,（学）,104*,伊川谷町有瀬８５４－１,974-4600,生後６か月,５歳児クラス,7:00,18:00,9:00,17:00,7:00,19:00,○,○
幼稚園型認定こども園,認定こども園　さくらんぼ幼稚園,（学）,55＊,桜が丘中町２－８－２,994-5225,生後６か月,５歳児クラス,7:30,18:30,8:00,16:00,7:00,19:00,,○
幼稚園型認定こども園,認定こども園　いぶき幼稚園,（学）,60＊,井吹台東町４－１９,997-0831,１歳６か月,５歳児クラス,7:30,18:30,9:00,17:00,7:00,19:00,,○
幼稚園型認定こども園,認定こども園　桑ノ木幼稚園,（学）,60＊,竹の台２－１０－１,991-4788,生後６か月,５歳児クラス,7:30,18:30,9:00,17:00,7:00,19:00,,
保育所,玉津保育所,（公立）,120,玉津町新方字東方２１１－３,911-4909,生後６か月,５歳児クラス,7:30,18:30,8:30,16:30,7:00,18:30,,○
保育所,押部谷保育所,（公立）,126,美穂が丘１－１,994-3622,生後６か月,５歳児クラス,7:30,18:30,8:30,16:30,7:00,18:30,,○
保育所,王塚台保育所,（公立）,120,王塚台５－１１５,927-9551,生後６か月,５歳児クラス,7:30,18:30,8:30,16:30,7:00,19:00,○,○
保育所,日輪寺保育園,（宗）,120,玉津町小山５６１－１,928-0975,生後６か月,５歳児クラス,7:00,18:00,8:00,16:00,7:00,18:30,○,○
保育所,弁天保育園,（福）,90,伊川谷町有瀬５５５,974-1750,生後６か月,５歳児クラス,7:00,18:00,9:00,17:00,7:00,19:00,○,○
保育所,神出保育園,（福）,90,神出町田井寺垣内４０１－１,965-1351,生後６か月,５歳児クラス,7:30,18:30,8:30,16:30,7:00,18:30,○,○
保育所,平野保育園,（福）,150,平野町芝崎２９８－１,961-0840,生後６か月,５歳児クラス,7:00,18:00,8:00,16:00,7:00,19:00,○,○
保育所,出合保育園,（福）,160,玉津町出合２２４－２,927-6608,生後６か月,５歳児クラス,7:00,18:00,8:30,16:30,7:00,19:00,○,○
保育所,持子保育園,（福）,90,持子３－１１４,927-8713,生後６か月,５歳児クラス,7:00,18:00,9:00,17:00,7:00,19:00,○,○
保育所,竹の台保育園,（福）,150,竹の台２－２０－２,992-0277,生後６か月,５歳児クラス,7:00,18:00,8:00,16:00,7:00,20:00,○,○
保育所,美賀多保育園,（福）,210,美賀多台３－１３－１,961-0940,生後６か月,５歳児クラス,7:00,18:00,8:30,16:30,7:00,20:00,○,○
保育所,まゆか保育園,（福）,150,北別府４－１０－１,975-7722,生後６か月,５歳児クラス,7:00,18:00,8:00,16:00,7:00,19:00,○,○
保育所,つぐみ保育園,（福）,181,井吹台東町２－２－１,991-1456,生後６か月,５歳児クラス,7:00,18:00,8:30,16:30,7:00,20:00,○,○
保育所,ひまわり保育園,（福）,110,伊川谷町上脇２４,978-0220,生後６か月,５歳児クラス,7:00,18:00,9:00,17:00,7:00,19:00,○,○
保育所,なかよし保育園,（福）,100,和井取５－１７,975-6840,生後６か月,５歳児クラス,7:00,18:00,8:30,16:30,7:00,19:00,○,○
保育所,なかよし保育園　ふれんど分園,（福）,20,玉津町高津橋２１４－３,911-7060,生後６か月,５歳児クラス,―,―,8:30,16:30,7:30,18:00,○,
保育所,あおぞら保育園,（福）,130,水谷２－２５－２４,918-6860,生後６か月,５歳児クラス,7:00,18:00,8:00,16:00,7:00,19:00,○,○
保育所,枦谷つぐみ保育園,（福）,90,櫨谷町池谷３５７－１,990-0293,生後６か月,５歳児クラス,7:00,18:00,8:30,16:30,7:00,19:00,○,○
保育所,枝吉保育所,（福）,120,枝吉４－２６,927-5953,生後６か月,５歳児クラス,7:00,18:00,9:00,17:00,7:00,19:00,○,○
保育所,井吹北つぐみ保育園,（福）,60,井吹台北町１－１８,996-0293,生後６か月,５歳児クラス,7:00,18:00,8:30,16:30,7:00,19:00,○,○
保育所,井吹北つぐみ保育園　分園,（福）,20,井吹台北町２－１７－１５,991-0293,生後６か月,５歳児クラス,7:00,18:00,8:30,16:30,7:00,19:00,○,
家庭的保育事業,山本　赤ちゃんホーム,（個人）,5,今寺,,生後７週目,０歳児クラス,-,-,8:00,16:00,8:00,17:30,,
家庭的保育事業,津吉　赤ちゃんホーム,（個人）,5,井吹台東町３,,生後７週目,０歳児クラス,-,-,8:00,16:00,8:00,17:30,,
小規模保育事業,こばとキンダールーム,（有）,19,丸塚１－２６－１７,924-5686,生後６か月,２歳児クラス,7:30,18:30,8:30,16:30,7:30,19:00,○,
小規模保育事業,西神中央エンゼルホーム,（有）,19,糀台５－５－１　イル・グラッツォ共用棟２F,997-6693,生後６か月,２歳児クラス,7:00,18:00,9:00,17:00,7:00,20:00,○,
小規模保育事業,ＹＭＣＡちとせ保育ルーム,(学),12,学園西町４－１　留学生会館１Ｆ,786-3821,１歳児クラス,２歳児クラス,7:30,18:30,8:30,16:30,7:00,19:00,○,
小規模保育事業,学園都市駅前小規模保育園,（福）,12,学園西町１－１－１　ユニバープラザ１F,795-9003,生後６か月,２歳児クラス,7:30,18:30,8:00,16:00,7:00,19:00,○,
小規模保育事業,小規模保育園ふわり池上,（特非）,12,池上３－３－２　JAアクト池上ビル２F,915-7183,生後６か月,２歳児クラス,7:30,18:30,8:00,16:00,7:00,19:00,○,
小規模保育事業,小規模保育つぐみ　House,（福）,19,井吹台東町１－１－１　西神南センタービル２F,997-7293,生後６か月,２歳児クラス,7:30,18:30,8:30,16:30,7:30,18:30,,
小規模保育事業,キッズパートナー狩場台,（株）,19,狩場台３－９ー１５　かりばプラザ内,990-1511,生後６か月,２歳児クラス,7:00,18:00,8:30,16:30,7:00,19:30,○,
事業所内保育事業,ひかりのくれよん,（生協連）,19 （内地域枠5）,見津が丘３－８－５,998-0850,生後６か月,２歳児クラス,8:00,19:00,8:00,16:00,8:00,19:00,,
事業所内保育事業,事業所内保育事業　みどり保育園,（医）,20 （内地域枠5）,枝吉４－１７２－３,920-0201,生後６か月,２歳児クラス,8:00,19:00,8:00,16:00,7:00,20:00,○,
分類,施設名,組織,利用定員（2・3号）,所在地,電話番号,受入開始月齢,卒園年齢,保育標準時間（11時間） 開始時間,終了時間,保育短時間（８時間） 開始時間,終了時間,延長保育 開始時間（朝）,終了時間（夕）,一時預かり（一時保育）,園庭開放
幼保連携型認定こども園,幼保連携型認定こども園　聖ニコラス天使園,（福）,90,北青木４－１－３７,412-6080,生後６か月,５歳児クラス,7:00,18:00,8:30,16:30,7:00,19:00,○,
幼保連携型認定こども園,幼保連携型認定こども園　夢,（福）,100,住吉宮町１－２－２７,858-9614,生後６か月,５歳児クラス,7:00,18:00,8:30,16:30,7:00,19:00,○,○
幼保連携型認定こども園,幼保連携型認定こども園　夢遊喜分園,（福）,60,住吉宮町１－８－８,858-9610,生後６か月,５歳児クラス,7:00,18:00,8:30,16:30,7:00,19:00,○,
幼保連携型認定こども園,幼保連携型認定こども園　石屋川くるみ保育園,（福）,70,御影塚町２－２２－１９,842-4152,生後５７日,５歳児クラス,7:00,18:00,8:30,16:30,7:00,19:00,○,○
幼保連携型認定こども園,幼保連携型認定こども園　本山北町あすのこども園,（福）,150＊,本山北町３－２－２８,441-1905,生後６か月,５歳児クラス,7:00,18:00,9:00,17:00,7:00,20:00,,○
幼保連携型認定こども園,認定こども園　魚崎COCORO,（福）,120,魚崎西町２－４－１,858-5561,生後６か月,５歳児クラス,7:00,18:00,9:00,17:00,7:00,19:00,○,○
幼保連携型認定こども園,幼保連携型認定こども園　きらり保育園,（福）,100,本庄町１－３－１,412-0415,生後６か月,５歳児クラス,7:00,18:00,8:30,16:30,7:00,19:00,○,○
幼保連携型認定こども園,幼保連携型認定こども園　きたおおぎこども園,（福）,130,北青木１－１－２,411-5421,生後６か月,５歳児クラス,7:00,18:00,8:30,16:30,7:00,19:00,○,○
幼保連携型認定こども園,認定こども園　松蔭おかもと保育園,（福）,60,岡本７－３－１４,262-1150,生後６か月,５歳児クラス,7:00,18:00,8:30,16:30,7:00,19:00,○,○
幼保連携型認定こども園,幼保連携型認定こども園　第２きらり保育園,（福）,72,深江本町１－１３－２５,411-2003,生後６か月,５歳児クラス,7:00,18:00,8:30,16:30,7:00,19:00,○,○
幼保連携型認定こども園,幼保連携型認定こども園　同朋住吉台こども園,（福）,50＊,住吉台２５－７,846-6011,生後６か月,５歳児クラス,7:00,18:00,8:00,16:00,7:00,19:00,○,○
幼保連携型認定こども園,幼保連携型認定こども園　甲南すこやかこども園,（福）,90,魚崎北町２－１０－１０,453-4152,生後６か月,５歳児クラス,7:00,18:00,9:00,17:00,7:00,19:00,○,○
幼保連携型認定こども園,幼保連携型認定こども園　モーツァルトこども園,（福）,90＊,本山南町８－３－３,431-3111,生後６か月,５歳児クラス,7:00,18:00,8:30,16:30,7:00,19:00,○,○
幼保連携型認定こども園,認定こども園　あおい宙,（福）,90＊,本山南町７－５－２１,441-2444,生後６か月,５歳児クラス,7:00,18:00,9:00,17:00,7:00,19:00,○,○
幼保連携型認定こども園,幼保連携型認定こども園　甲南こども園,（福）,60,森南町３－１－４,441-8345,生後６か月,５歳児クラス,7:00,18:00,9:00,17:00,7:00,19:00,○,○
幼稚園型認定こども園,認定こども園　夢の星幼稚園,(学),20＊,向洋町中３－１－３,857-3166,３歳児クラス,５歳児クラス,7:30,18:30,8:00,16:00,7:30,18:30,,○
保育所,魚崎保育所,（公立）,116,魚崎南町２－１１－１１,411-4354,生後６か月,５歳児クラス,7:30,18:30,8:30,16:30,7:00,19:00,,○
保育所,東灘本庄保育所,（公立）,117,青木４－１－３２,431-3539,生後６か月,５歳児クラス,7:30,18:30,8:30,16:30,7:00,18:30,,○
保育所,御影保育所,（公立）,120,御影中町４－１－８,811-3780,生後６か月,５歳児クラス,7:30,18:30,8:30,16:30,7:00,19:00,,○
保育所,本山保育所,（公立）,142,岡本１－７－６,451-0567,生後６か月,５歳児クラス,7:30,18:30,8:30,16:30,7:00,19:00,○,○
保育所,渦森台保育所,（公立）,63,渦森台１－１３－１,841-6390,生後６か月,５歳児クラス,7:30,18:30,8:30,16:30,7:00,18:30,,○
保育所,中野保育所,（公立）,120,本山南町１－３－３,453-2664,生後６か月,５歳児クラス,7:30,18:30,8:30,16:30,7:00,19:00,○,○
保育所,瀬戸保育所,（公立）,138,魚崎南町６－５－２６,453-2663,生後６か月,５歳児クラス,7:30,18:30,8:30,16:30,7:00,19:00,,○
保育所,田中保育所,（公立）,100,田中町４－１１－２２,452-3181,生後６か月,５歳児クラス,7:30,18:30,8:30,16:30,7:00,19:00,,○
保育所,浜御影保育所,（公立）,90,御影本町６－５－７,821-9571,生後６か月,５歳児クラス,7:30,18:30,8:30,16:30,7:00,19:00,,○
保育所,住吉公園保育所,（公立）,120,住吉宮町３－４－２３,851-3738,生後６か月,５歳児クラス,7:30,18:30,8:30,16:30,7:00,19:00,○,○
保育所,光の子保育園,（福）,180,向洋町中２－３,857-1577,生後６か月,５歳児クラス,7:00,18:00,8:00,16:00,7:00,20:00,○,○
保育所,光の子保育園マナ分園,（福）,20,向洋町中５－１３,811-1132,生後６か月,５歳児クラス,7:00,18:00,8:00,16:00,7:00,19:00,,
保育所,ベネッセ本山保育園,（株）,60,甲南町１－１－３５,412-7170,生後６か月,５歳児クラス,7:30,18:30,8:00,16:00,7:00,20:00,○,○
保育所,親和保育園,（福）,90,住吉本町３－８－１７,846-4701,生後６か月,５歳児クラス,7:00,18:00,8:30,16:30,7:00,19:00,○,○
保育所,虹保育園,（福）,90,深江本町４－１－１２,413-4124,生後６か月,５歳児クラス,7:00,18:00,8:30,16:30,7:00,19:00,○,○
保育所,岡本ハーベスト保育園,（福）,90,岡本１－１１－５,413-0415,生後６か月,５歳児クラス,7:00,18:00,8:30,16:30,7:00,19:00,○,○
保育所,高羽西岡本保育園,(学),30,西岡本２－２５－４－１０２,436-7885,１歳児クラス,３歳児クラス,7:30,18:30,8:30,16:30,7:00,19:00,○,
保育所,甲南山手保育園,（福）,80,本庄町１－１０－２,441-0003,生後６か月,５歳児クラス,7:30,18:30,8:30,16:30,7:00,19:00,○,○
保育所,おかもと虹保育園,（福）,70,岡本３－２－６,412-2262,生後６か月,５歳児クラス,7:00,18:00,8:30,16:30,7:00,19:00,○,○
保育所,御影のどか保育園,（福）,90,御影３－２８－１,851-6261,生後６か月,５歳児クラス,7:00,18:00,9:00,17:00,7:00,19:00,○,○
保育所,住吉むつみ保育園,（福）,90,住吉宮町７－２－３５,843-6230,生後６か月,５歳児クラス,7:00,18:00,9:00,17:00,7:00,19:00,○,○
保育所,住吉むつみ保育園　分園,（福）,9,住吉本町２－３－９,843-6232,生後６か月,５歳児クラス,7:00,18:00,9:00,17:00,7:00,19:00,,
保育所,ABCみかげ保育園,（福）,60,御影本町６－１－１５,856-5158,生後６か月,５歳児クラス,7:00,18:00,8:30,16:30,7:00,19:00,○,
保育所,ブルーノの森保育園,（学）,60,北青木２－９－２４,411-8048,生後６か月,５歳児クラス,7:30,18:30,9:00,17:00,7:00,19:00,○,○
保育所,神戸住吉保育園,(福),80,住吉宮町６－１－２３,858-6080,生後６か月,５歳児クラス,7:00,18:00,8:00,16:00,7:00,19:00,○,○
家庭的保育事業,澤田　赤ちゃんホーム,（個人）,4,御影石町２－１１－５,,生後７週目,０歳児クラス,-,-,8:00,16:00,8:00,17:30,,
家庭的保育事業,中村　赤ちゃんホーム,（個人）,4,岡本８,,生後７週目,０歳児クラス,-,-,8:00,16:00,8:00,17:30,,
小規模保育事業,小規模保育園光の子リジョイス,（福）,12,向洋町中１－４－１２５ イーストコート4番街１Ｆ,857-1125,生後６か月,２歳児クラス,7:00,18:00,8:00,16:00,7:00,19:00,,
小規模保育事業,あおい宙　もとやま,（福）,9,田中町２－１－１ 本山合同宿舎１Ｆ,855-5432,満１歳,２歳児クラス,7:00,18:00,9:00,17:00,7:00,19:00,○,
小規模保育事業,あすの乳児ルーム,（福）,19,本山南町８－６－２６　東神戸センタービル２Ｆ,413-6602,生後６か月,２歳児クラス,7:30,18:30,8:30,16:30,7:30,19:00,,
小規模保育事業,小規模保育園ハピネスファミリー,（一社）,12,向洋町中５－１５ リバーモールウエスト２F,862-3983,満１歳,２歳児クラス,7:30,18:30,8:30,16:30,7:30,19:00,○,
小規模保育事業,茶屋本庄園,（福）,12,本庄町１－８－１３ オルテンシアKOBE１F,413-3336,生後６か月,２歳児クラス,7:30,18:30,8:30,16:30,7:30,19:00,○,
小規模保育事業,キッズクラブ本山南,（医）,19,本山南町８－６－２６ 東神戸センタービル２Ｆ,411-1060,生後６か月,２歳児クラス,7:30,18:30,8:00,16:00,7:00,19:00,○,
小規模保育事業,チャイルドハート保育サロン甲南園,（株）,14,甲南町３－２－２ ラ・ギャレットビル１F,431-5661,生後６か月,２歳児クラス,7:30,18:30,8:30,16:30,7:00,19:00,○,
小規模保育事業,あおい宙　こうなん,（福）,12,甲南町３－３－２７ ロイヤル甲南１F,436-1233,生後６か月,２歳児クラス,7:00,18:00,9:00,17:00,7:00,19:00,○,
小規模保育事業,RICホープ御影,（株）,19,御影中町４－１－３１ サニーハイツ御影１F,262-1860,生後６か月,２歳児クラス,7:30,18:30,8:30,16:30,7:30,19:30,,
小規模保育事業,御影小規模保育ルーム,（学）,19,御影２－１５－２７,843-2780,生後６か月,２歳児クラス,7:30,18:30,9:00,17:00,7:00,19:00,,
小規模保育事業,はぴふぁみえるあ 小規模保育園 Lino,（一社）,12,向洋町中５－１５　リバーモールウエスト２Ｆ,862-5065,生後６か月,２歳児クラス,7:30,18:30,8:30,16:30,7:30,19:00,○,
小規模保育事業,コスモチャイルド保育園神戸東灘園,(株),19,本山中町１-１-１２　チタンビル１Ｆ,452-0220,生後６か月,２歳児クラス,7:30,18:30,8:30,16:30,7:00,19:00,,
小規模保育事業,甲南やまゆり保育園,(医社),19,甲南町３－６－１８　ドゥベル甲南２Ｆ,412-0077,生後６か月,２歳児クラス,7:30,18:30,8:30,16:30,7:30,19:00,○,
小規模保育事業,京進のほいくえんHOPPA東灘園,（株）,12,田中町５－１－１２　東灘スカイマンション1F,262-1347,生後６か月,２歳児クラス,7:30,18:30,8:30,16:30,7:30,19:30,〇,
分類,施設名,組織,利用定員（2・3号）,所在地,電話番号,受入開始月齢,卒園年齢,保育標準時間（11時間） 開始時間,終了時間,保育短時間（８時間） 開始時間,終了時間,延長保育 開始時間（朝）,終了時間（夕）,一時預かり（一時保育）,園庭開放
幼保連携型認定こども園,幼保連携型認定こども園　はっとこども園,（福）,90＊,摩耶海岸通２－３－１４,805-3810,生後６か月,５歳児クラス,7:00,18:00,9:00,17:00,7:00,19:00,○,○
幼保連携型認定こども園,幼保連携型認定こども園　なかはらこども園,（福）,140＊,中原通６－４－５,871-2330,生後６か月,５歳児クラス,7:00,18:00,9:00,17:00,7:00,19:00,○,○
幼保連携型認定こども園,認定こども園　六甲道COCORO,（福）,60,琵琶町２－１－２７,882-1541,生後６か月,５歳児クラス,7:00,18:00,9:00,17:00,7:00,19:00,○,
幼保連携型認定こども園,幼保連携型認定こども園　八幡幼稚園・八幡ピジョン保育園,(学),70＊,深田町１－１－３,851-9377,生後６か月,５歳児クラス,7:00,18:00,8:30,16:30,7:00,19:00,○,○
幼保連携型認定こども園,認定こども園　高羽COCORO,（福）,90,高徳町５－２－３,855-4137,生後６か月,５歳児クラス,7:00,18:00,9:00,17:00,7:00,19:00,○,○
幼保連携型認定こども園,幼保連携型認定こども園　神戸さくら保育園,（福）,70,浜田町２－２－１５,858-8101,生後５７日,５歳児クラス,7:00,18:00,8:30,16:30,7:00,19:00,○,○
幼保連携型認定こども園,幼保連携型認定こども園　微笑幼稚園,（学）,10＊,篠原北町３－６ー７,871-2165,３歳児クラス,５歳児クラス,7:30,18:30,8:00,16:00,7:00,19:00,,○
幼保連携型認定こども園,幼保連携型認定こども園　光愛児園,（福）,105＊,篠原南町５－３－１５,871-7010,生後６か月,５歳児クラス,7:30,18:30,8:30,16:30,7:00,19:00,○,○
幼保連携型認定こども園,幼保連携型認定こども園　光愛児園sun分園,（福）,25,天城通１－２－１１,802-1118,生後６か月,５歳児クラス,7:30,18:30,8:30,16:30,7:00,19:00,,
幼保連携型認定こども園,幼保連携型認定こども園　青谷愛児園,（福）,90＊,青谷町２－１－９,871-9553,生後６か月,５歳児クラス,7:00,18:00,8:00,16:00,7:00,19:00,○,○
幼保連携型認定こども園,幼保連携型認定こども園　おおいしこども園,（福）,70＊,大石北町３－１２,881-9470,生後６か月,５歳児クラス,7:30,18:30,8:30,16:30,7:00,19:00,○,○
幼保連携型認定こども園,幼保連携型認定こども園　オリンピア都こども園,（福）,90＊,六甲町５－２－１２,805-5165,生後６か月,５歳児クラス,7:30,18:30,8:30,16:30,7:00,19:00,○,○
幼保連携型認定こども園,幼保連携型　めばえの園認定こども園,（福）,90,灘南通４－４－２,806-3333,生後６か月,５歳児クラス,7:00,18:00,9:00,17:00,7:00,19:00,○,○
幼保連携型認定こども園,幼保連携型　めばえの園認定こども園すみれ分園,（福）,12,灘北通８－６－１６,802-2225,生後６か月,５歳児クラス,7:00,18:00,9:00,17:00,7:00,19:00,,
保育所,灘保育所,（公立）,110,新在家南町５－１３－１５,861-3844,生後６か月,５歳児クラス,7:30,18:30,8:30,16:30,7:00,18:30,,○
保育所,西灘保育所,（公立）,120,岩屋北町２－５－２９,861-2769,生後６か月,５歳児クラス,7:30,18:30,8:30,16:30,7:00,19:00,○,○
保育所,石屋川保育所,（公立）,100,大和町４－４－１８,854-1707,生後６か月,５歳児クラス,7:30,18:30,8:30,16:30,7:00,19:00,,○
保育所,倉石保育所,（公立）,90,倉石通４－１－１０,801-2250,生後６か月,５歳児クラス,7:30,18:30,8:30,16:30,7:00,18:30,○,○
保育所,やはた桜保育所,（公立）,144,八幡町２－１－１,821-5271,生後６か月,５歳児クラス,7:30,18:30,8:30,16:30,7:00,19:00,○,○
保育所,やはた桜保育所鶴甲分室,（公立）,30,鶴甲１－３－１３,821-1900,１歳児クラス,５歳児クラス,7:30,18:30,8:30,16:30,7:00,18:30,,○
保育所,誠佛保育園,（宗）,60,徳井町５－１－２４,851-1944,満１歳,５歳児クラス,7:30,18:30,8:30,16:30,7:00,19:00,○,○
保育所,同朋保育園,（福）,70,篠原北町４－８－１,861-1624,生後６か月,５歳児クラス,7:00,18:00,8:00,16:00,7:00,19:00,○,○
保育所,ゆりか保育園,（福）,90,神ノ木通２－２－９,871-0132,生後６か月,５歳児クラス,7:00,18:00,9:00,17:00,7:00,19:00,○,○
保育所,六甲ゆりかご保育園,（福）,60,友田町２－５－１,858-7400,生後６か月,５歳児クラス,7:00,18:00,8:30,16:30,7:00,19:00,○,○
保育所,花音つばさ保育園,（福）,80,城内通１－６－３２,801-0283,生後６か月,５歳児クラス,7:00,18:00,9:00,17:00,7:00,19:00,○,○
保育所,琵琶COCORO保育園,（福）,60,琵琶町２－４－４,881-7113,生後６か月,５歳児クラス,7:00,18:00,9:00,17:00,7:00,19:00,○,○
家庭的保育事業,赤ちゃんホーム　なだのみ,(株),5,岩屋北町１－４－１６　ケイテムビル１Ｆ,,生後７週目,０歳児クラス,-,-,8:00,16:00,8:00,18:00,,
家庭的保育事業,赤ちゃんホーム　つぼみ,(個人),3,篠原中町３－４－６　ダイヤデート１Ｆ,,生後７週目,０歳児クラス,-,-,8:00,16:00,8:00,18:00,,
小規模保育事業,たんぽぽ,（福）,12,六甲町１－２－５ 六甲ハーモニーガーデン１F,843-5919,満１歳,２歳児クラス,7:30,18:30,8:30,16:30,7:30,18:30,,
小規模保育事業,はらだ乳児園,（福）,12,原田通２－２－５ 臼井ハイツ王子１Ｆ,855-5901,満１歳,２歳児クラス,7:30,18:30,9:00,17:00,7:30,18:30,,
小規模保育事業,コアラ愛児園,（福）,19,泉通６－３－１０ モンテ王子１Ｆ,855-4844,満１歳,２歳児クラス,7:30,18:30,8:00,16:00,7:30,18:30,,
小規模保育事業,めばえすくすくルーム,（福）,12,灘南通３－１－５ ミロードメゾン１Ｆ,803-2222,満１歳,２歳児クラス,7:30,18:30,9:00,17:00,7:30,18:30,,
小規模保育事業,小規模保育園　六甲道,（福）,19,永手町４－１－１　ＪＲ六甲道駅構内,857-9110,生後６か月,２歳児クラス,7:30,18:30,8:30,16:30,7:30,19:00,,
小規模保育事業,保育ルーム ちいさなCOCORO,（福）,14,備後町５－３－１ ウェルブ六甲道１番街１F,851-1201,生後６か月,２歳児クラス,7:00,18:00,9:00,17:00,7:00,19:00,○,
小規模保育事業,京進のほいくえんHOPPA灘園,（株）,19,都通２－１－２６ 摩耶コート壱番館１F,262-1033,生後６か月,２歳児クラス,7:30,18:30,8:30,16:30,7:30,19:30,○,
小規模保育事業,キッズパートナー王子公園,（株）,19,岸地通１－５－６　コラボK-Ⅰ１F,806-2212,生後６か月,２歳児クラス,7:30,18:30,8:30,16:30,7:00,19:00,,
小規模保育事業,ポピンズ小規模保育園HAT神戸,（株）,19,摩耶海岸通２－３－１３　HAT神戸灘の浜１３番館１F,862-9393,生後６か月,２歳児クラス,7:30,18:30,8:30,16:30,7:30,19:00,,
小規模保育事業,神戸六甲キッズバルーン,(株),14,六甲町１－１－６　アベニュー六甲１F,862-8616,生後６か月,２歳児クラス,7:30,18:30,8:30,16:30,7:00,19:00,,
小規模保育事業,くじら保育園神戸六甲園,(株),19,神ノ木通３－６－２８　グランサイト六甲２F,855-7230,生後６か月,２歳児クラス,7:30,18:30,8:30,16:30,7:30,19:00,,
分類,施設名,組織,利用定員（2・3号）,所在地,電話番号,受入開始月齢,卒園年齢,保育標準時間（11時間） 開始時間,終了時間,保育短時間（８時間） 開始時間,終了時間,延長保育 開始時間（朝）,終了時間（夕）,一時預かり（一時保育）,園庭開放
幼保連携型認定こども園,幼保連携型みのり認定こども園,（福）,100＊,脇浜町２－５－１３,221-4154,生後６か月,５歳児クラス,7:00,18:00,9:00,17:00,7:00,19:00,○,○
幼保連携型認定こども園,聖ミカエル幼保連携型認定こども園,（福）,100,中山手通６－５－１,341-8167,生後６か月,５歳児クラス,7:00,18:00,8:00,16:00,7:00,19:00,○,○
幼保連携型認定こども園,幼保連携型認定こども園　はたつかこども園,（福）,90＊,旗塚通４－４－２０,221-5100,生後６か月,５歳児クラス,7:00,18:00,8:00,16:00,7:00,18:30,,○
幼保連携型認定こども園,大慈ほまれ幼保連携型認定こども園,（福）,60,古湊通１－１－１６,351-0667,生後６か月,５歳児クラス,7:00,18:00,9:00,17:00,7:00,20:00,○,○
幼保連携型認定こども園,幼保連携型認定こども園　塩原学園幼稚園,（学）,40＊,上筒井通４－３－３０,241-8010,３歳児クラス,５歳児クラス,7:00,18:00,8:30,16:30,7:00,19:00,,○
幼稚園型認定こども園,認定こども園　神戸華僑幼稚園,（学）,30＊,中山手通６－４－２０,341-8315,３歳児クラス,５歳児クラス,7:00,18:00,9:00,17:00,7:00,18:00,,○
保育所,葺合保育所,（公立）,54,八雲通１－１－６,221-3910,１歳児クラス,５歳児クラス,7:30,18:30,8:30,16:30,7:00,18:30,,○
保育所,生田保育所,（公立）,120,楠町８－１０－２,341-0425,生後６か月,５歳児クラス,7:30,18:30,8:30,16:30,7:00,18:30,,○
保育所,たちばな保育所,（公立）,65,橘通３－４－１,341-0911,生後６か月,３歳児クラス,7:30,18:30,8:30,16:30,7:00,18:30,○,○
保育所,みなと保育所,（公立）,54,波止場町６－２,371-4131,１歳児クラス,５歳児クラス,7:30,18:30,8:30,16:30,7:00,18:30,,○
保育所,宮本保育所,（公立）,90,宮本通１－５－２１,221-5242,生後６か月,５歳児クラス,7:30,18:30,8:30,16:30,7:00,18:30,,○
保育所,二宮保育所,（公立）,90,若菜通５－２－２４,221-6111,生後６か月,５歳児クラス,7:30,18:30,8:30,16:30,7:00,18:30,,○
保育所,神若保育所,（公立）,85,神若通２－３－７,222-3424,生後６か月,５歳児クラス,7:30,18:30,8:30,16:30,7:00,19:00,○,○
保育所,古湊保育所,（公立）,90,古湊通２－３－２３,361-0761,１歳児クラス,５歳児クラス,7:30,18:30,8:30,16:30,7:00,18:30,,○
保育所,友愛幼児園,（福）,120,吾妻通５－２－２０,231-5818,生後６か月,５歳児クラス,7:00,18:00,8:30,16:30,7:00,19:00,○,○
保育所,めぐみ愛児園,（宗）,90,八雲通２－３－２３,221-7473,生後６か月,５歳児クラス,7:00,18:00,9:00,17:00,7:00,18:30,○,○
保育所,協和保育園,（宗）,30,北本町通５－１－５,221-1366,生後６か月,２歳児クラス,7:30,18:30,8:30,16:30,7:00,18:30,○,
保育所,大慈保育園,（福）,130,東川崎町６－２－６,671-0684,生後６か月,５歳児クラス,7:00,18:00,8:30,16:30,7:00,20:00,○,○
保育所,大慈保育園とも分園,（福）,30,東川崎町１－５－８ クレヴィアタワー神戸ハーバーランド,341-1080,生後６か月,５歳児クラス,7:00,18:00,8:30,16:30,7:00,19:00,○,○
保育所,ポートピア保育園,（福）,210,港島中町３－２－８,302-1234,生後６か月,５歳児クラス,7:00,18:00,8:30,16:30,7:00,19:00,○,○
保育所,真生きらきら保育園,（福）,60,中山手通７－２５－２４,341-5858,生後６か月,５歳児クラス,7:00,18:00,9:00,17:00,7:00,19:00,○,
保育所,神女中山手保育園,（福）,90,中山手通２－２３－２,261-0361,生後６か月,５歳児クラス,7:00,18:00,8:30,16:30,7:00,19:00,○,○
保育所,成晃ひかり保育園,（福）,70,港島中町４－６,303-3315,生後６か月,５歳児クラス,7:00,18:00,9:00,17:00,7:00,19:00,○,○
保育所,北野坂保育園,（福）,80,北野町３－１－７,222-1150,生後６か月,５歳児クラス,7:00,18:00,8:00,16:00,7:00,19:00,○,○
保育所,神戸元町ちどり保育園,（福）,60,北長挟通８－５－５,341-5580,生後６か月,５歳児クラス,7:00,18:00,8:30,16:30,7:00,19:00,○,
家庭的保育事業,李　赤ちゃんホーム,（個人）,4,山本通５,,生後７週目,０歳児クラス,-,-,8:00,16:00,8:00,17:30,,
家庭的保育事業,酒井　赤ちゃんホーム,（個人）,4,上筒井通６,,生後７週目,０歳児クラス,-,-,8:00,16:00,8:00,17:30,,
小規模保育事業,Ohana保育園,（株）,19,中山手通４－１０－３　グランドメゾン中山手２Ｆ,763-0087,生後６か月,２歳児クラス,7:30,18:30,8:00,16:00,7:30,19:30,○,
小規模保育事業,トアハッピー保育園,（株）,19,中山手通３－２－１　トア山手ザ・神戸タワー１Ｆ,391-7741,生後６か月,２歳児クラス,7:30,18:30,9:00,17:00,7:30,19:00,○,
小規模保育事業,さんのみやキッズ,（株）,19,琴ノ緒町５－６－１９　プリオール三宮１Ｆ,242-4115,満１歳,２歳児クラス,7:30,18:30,8:30,16:30,7:30,19:30,○,
小規模保育事業,ポピンズ神戸旧居留地,（株）,19,明石町３０　常盤ビル３Ｆ,332-3371,生後６か月,２歳児クラス,7:30,18:30,8:30,16:30,7:30,19:00,,
小規模保育事業,スペースかすがのみち保育ルーム,（特非）,12,筒井町３－１２－１０　三浦ビル１Ｆ,241-6722,生後６か月,２歳児クラス,7:30,18:30,8:30,16:30,7:30,18:30,,
小規模保育事業,小規模保育園　はーもにぃ,（一社）,12,脇浜町３－５－１９　ワコーレアプローズ２Ｆ,262-1714,生後６か月,２歳児クラス,7:30,18:30,8:30,16:30,7:00,19:00,○,
小規模保育事業,新神戸アイテラス保育園,（株）,12,生田町１－２－３４　オリバーサイド８８　１Ｆ,200-5550,生後６か月,２歳児クラス,7:30,18:30,8:00,16:00,7:30,19:30,○,
小規模保育事業,小規模保育園なぎさ,（福）,19,中山手通４－１７－２　セントラルビル１Ｆ,232-0230,生後６か月,２歳児クラス,7:30,18:30,8:30,16:30,7:00,20:00,○,
小規模保育事業,元町キッズルーム,（福）,12,花隈町８－１９　ケンコーハイツ１Ｆ,335-6988,生後６か月,２歳児クラス,7:30,18:30,8:30,16:30,7:30,18:30,○,
小規模保育事業,フォアベルク保育園,(一社),12,磯辺通４－２－１４　エスリード三宮フラワーロード１F,891-7171,生後６か月,２歳児クラス,7:30,18:30,8:30,16:30,7:00,19:00,○,
小規模保育事業,キッズパートナー三宮,(株),19,二宮町１－１０－１　ローレル三宮ノースアベニュー１F,221-7342,生後６か月,２歳児クラス,7:30,18:30,8:30,16:30,7:00,19:00,○,
小規模保育事業,神戸YWCA保育園,(公財),12,二宮町１－１２－１０　神戸YWCA会館１F,231-6201,生後６か月,２歳児クラス,7:30,18:30,8:30,16:30,7:30,19:00,○,
小規模保育事業,神戸オリーブ保育園,(株),19,山本通１－７－１１　ドゥマンビル３F,222-5567,生後６か月,2歳児クラス,7:30,18:30,8:30,16:30,7:00,20:00,○,
小規模保育事業,京進のほいくえんHOPPA神戸駅前園,(株),12,相生町５－１０－１　相生ビル１F,335-8093,生後６か月,２歳児クラス,7:30,18:30,8:30,16:30,7:30,19:30,〇,
事業所内保育事業,はーもにぃIsobe,(一社),12 (内地域枠6),磯辺通２－２－２５　ダイワピュアビル１F,231-5963,生後６か月,２歳児クラス,7:30,18:30,8:30,16:30,7:00,19:00,○,
分類,施設名,組織,利用定員（2・3号）,所在地,電話番号,受入開始月齢,卒園年齢,保育標準時間（11時間） 開始時間,終了時間,保育短時間（８時間） 開始時間,終了時間,延長保育 開始時間（朝）,終了時間（夕）,一時預かり（一時保育）,園庭開放
幼保連携型認定こども園,幼保連携型認定こども園　宝地院保育園,（福）,130＊,荒田町３－１７－１,511-0167,生後６か月,５歳児クラス,7:00,18:00,8:30,16:30,7:00,19:00,○,○
幼保連携型認定こども園,幼保連携型認定こども園　大同保育園,（福）,150＊,大同町２－２－１６,521-5081,生後６か月,５歳児クラス,7:00,18:00,8:30,16:30,7:00,19:00,○,○
幼保連携型認定こども園,幼保連携型認定こども園　モーツァルト兵庫こども園,（福）,90＊,大開通１０－１－４,575-6666,生後６か月,５歳児クラス,7:00,18:00,8:30,16:30,7:00,19:00,○,○
幼保連携型認定こども園,幼保連携型認定こども園　神港みどり幼稚園,(学),30＊,会下山町２－５－３２,521-1834,３歳児クラス,５歳児クラス,7:30,18:30,8:00,16:00,7:30,18:30,,○
保育所,運南保育所,（公立）,54,浜中町１－１７－１１,651-3111,１歳児クラス,５歳児クラス,7:30,18:30,8:30,16:30,7:00,18:30,,○
保育所,松原保育所,（公立）,120,松原通４－２－２７,651-5521,生後６か月,５歳児クラス,7:30,18:30,8:30,16:30,7:00,18:30,,○
保育所,羽坂保育所,（公立）,106,羽坂通４－１－１,575-5790,生後６か月,５歳児クラス,7:30,18:30,8:30,16:30,7:00,19:00,,○
保育所,平野保育所,（公立）,124,下祗園町６－２４,341-5348,生後６か月,５歳児クラス,7:30,18:30,8:30,16:30,7:00,19:00,,○
保育所,小河保育所,（公立）,73,小河通３－２－１４,651-1830,生後６か月,５歳児クラス,7:30,18:30,8:30,16:30,7:00,18:30,○,○
保育所,ゆりかご保育園,（福）,90,氷室町２－１４－１,521-1122,生後６か月,５歳児クラス,7:00,18:00,8:30,16:30,7:00,19:00,○,○
保育所,本願寺派湊川保育園,（宗）,60,湊川町９－２－１６,521-4363,生後６か月,５歳児クラス,7:30,18:30,8:30,16:30,7:00,19:00,○,○
保育所,神徳館保育所,（福）,70,御崎本町１－１－３１,671-6442,生後６か月,５歳児クラス,7:30,18:30,9:00,17:00,7:00,18:30,○,○
保育所,ルンビニー愛児園,（宗）,90,中道通９－１－８,577-1598,満１歳,５歳児クラス,7:00,18:00,8:30,16:30,7:00,18:30,○,○
保育所,ちびくろ保育園,（福）,60,松原通４－４－７,651-6151,生後６か月,５歳児クラス,7:00,18:00,9:00,17:00,7:00,18:30,○,○
保育所,御崎保育所,（福）,100,浜山通２－２－７,671-4000,生後６か月,５歳児クラス,7:00,18:00,8:30,16:30,7:00,18:30,,○
保育所,兵庫保育園,（福）,90,東出町２－１２－９,671-0173,生後６か月,５歳児クラス,7:00,18:00,9:00,17:00,7:00,20:00,○,○
家庭的保育事業,平岡　赤ちゃんホーム,（個人）,5,三川口町３－３－６,,生後７週目,０歳児クラス,-,-,8:00,16:00,8:00,17:30,,
家庭的保育事業,藪本　赤ちゃんホーム,（個人）,5,水木通５－３－１６－２０２,,生後７週目,０歳児クラス,-,-,8:00,16:00,8:00,18:00,,
家庭的保育事業,久留島家庭託児所,（個人）,3,五宮町６－５,,満１歳,２歳児クラス,-,-,8:00,16:00,8:00,17:30,,
小規模保育事業,モーツァルト兵庫駅ナカ小規模保育園,（福）,19,駅南通５－３－７,531-2222,生後６か月,２歳児クラス,7:30,18:30,8:30,16:30,7:30,18:30,○,
小規模保育事業,小規模保育園　めいせい,（福）,12,大開通７－４－３　ＴＭコート大開２F,575-2177,生後６か月,２歳児クラス,7:30,18:30,8:30,16:30,7:00,19:00,○,
小規模保育事業,小規模保育　おはな保育園,（福）,19,中道通３－３－１３　２F,381-6874,満１歳,２歳児クラス,8:00,19:00,8:00,16:00,8:00,19:30,○,
小規模保育事業,宝地院保育園ふたば,（福）,19,荒田町１－４－１ グランパレ大倉山ウエストタワー１Ｆ,070-5265-0167,生後６か月,２歳児クラス,8:00,19:00,8:30,16:30,8:00,19:00,○,
分類,施設名,組織,利用定員（2・3号）,所在地,電話番号,受入開始月齢,卒園年齢,保育標準時間（11時間） 開始時間,終了時間,保育短時間（８時間） 開始時間,終了時間,延長保育 開始時間（朝）,終了時間（夕）,一時預かり（一時保育）,園庭開放
幼保連携型認定こども園,認定こども園　このみ保育園,（福）,70*,山田町下谷上字箕谷２１－１,583-2203,生後６か月,５歳児クラス,7:30,18:30,9:00,17:00,7:00,19:00,○,○
幼保連携型認定こども園,幼保連携型認定こども園　星和台幼稚園,（学）,90*,星和台２－１６－１３,593-9100,１歳児クラス,５歳児クラス,8:00,19:00,9:00,17:00,7:00,19:00,,○
幼保連携型認定こども園,幼保連携型認定こども園　五葉幼稚園,（学）,100*,北五葉３－７－２,591-0718,１歳児クラス,５歳児クラス,8:00,19:00,9:00,17:00,7:00,19:00,,○
幼保連携型認定こども園,幼保連携型認定こども園　みどりこども園,（福）,110*,日の峰１－２０－１,581-7077,生後６か月,５歳児クラス,7:00,18:00,8:00,16:00,7:00,19:00,○,○
幼保連携型認定こども園,幼保連携型認定こども園　鈴蘭台北町こども園,（福）,90,鈴蘭台北町６－１－１８,592-5911,生後６か月,５歳児クラス,7:30,18:30,8:30,16:30,7:00,19:00,○,○
幼稚園型認定こども園,認定こども園　鈴蘭台幼稚園,（学）,70*,鈴蘭台南町１－２－１５,591-0617,２歳児クラス,５歳児クラス,7:30,18:30,9:00,17:00,7:00,19:00,,○
幼稚園型認定こども園,認定こども園　ひよどり台幼稚園,（学）,10*,ひよどり台５－２,743-2061,３歳児クラス,５歳児クラス,8:00,19:00,8:00,16:00,-,18:00,,〇
幼稚園型認定こども園,認定こども園　正英幼稚園,（学）,50*,泉台５－１１,593-3176,２歳児クラス,５歳児クラス,7:30,18:30,8:30,16:30,7:00,19:00,,○
保育所,桜の宮保育所,（公立）,136,甲栄台２－４－１,593-2290,生後６か月,５歳児クラス,7:30,18:30,8:30,16:30,7:00,19:00,○,○
保育所,君影保育所,（公立）,69,君影町５－１－１７,593-8550,生後６か月,５歳児クラス,7:30,18:30,8:30,16:30,7:00,18:30,,○
保育所,鈴蘭台西町保育所,（公立）,54,鈴蘭台西町３－６－２０,593-6317,１歳児クラス,５歳児クラス,7:30,18:30,8:30,16:30,7:00,18:30,,○
保育所,ひよどり台保育所,（公立）,110,ひよどり台２－１－４,743-1850,生後６か月,５歳児クラス,7:30,18:30,8:30,16:30,7:00,18:30,○,○
保育所,鈴蘭台南町保育所,（公立）,120,鈴蘭台南町４－２－２８,592-6030,生後６か月,５歳児クラス,7:30,18:30,8:30,16:30,7:00,18:30,,○
保育所,鈴蘭台保育園,（個人）,50,鈴蘭台東町５－８－１７,591-4423,１歳児クラス,５歳児クラス,7:00,18:00,8:00,16:00,7:00,18:30,,○
保育所,太陽の子保育園,（福）,120,惣山町１－７－５,593-6619,生後６か月,５歳児クラス,7:00,18:00,9:00,17:00,7:00,18:30,○,○
保育所,頌栄保育園,（福）,90,鳴子２－１１－２,593-3893,生後６か月,５歳児クラス,7:00,18:00,8:30,16:30,7:00,19:00,○,○
保育所,谷上保育園,（株）,90,谷上東町１－１谷上SHビル４・５階,586-5866,生後６か月,５歳児クラス,7:30,18:30,9:00,17:00,7:00,19:00,○,○
保育所,谷上保育園きらら分園,（株）,20,谷上西町１－３２,586-3017,生後６か月,５歳児クラス,7:30,18:30,9:00,17:00,7:00,19:00,○,
保育所,すずらんキッズ保育園,（福）,30,鈴蘭台南町１−４−４０,591-2637,生後６か月,２歳児クラス,7:30,18:30,9:00,17:00,7:00,19:00,○,○
保育所,西鈴蘭台頌栄保育園,（福）,120,南五葉２－３－１１,592-4105,生後６か月,５歳児クラス,7:00,18:00,8:30,16:30,7:00,19:00,,○
保育所,山のまち保育園,（福）,100,緑町２－７－１９,581-1121,生後６か月,５歳児クラス,7:30,18:30,8:30,16:30,7:00,19:00,○,○
家庭的保育事業,村上　赤ちゃんホーム,（個人）,5,星和台７,,生後７週目,,ス 7:30,18:30,8:00,16:00,7:30,18:30,,
家庭的保育事業,赤ちゃんホームもものみ,（株）,5,鈴蘭台西町４－９－１２,,生後７週目,０歳児クラス,-,-,7:30,15:30,7:30,18:00,,
小規模保育事業,小規模保育園小倉台ひまわり,（株）,19,小倉台１－１６－５　ソーシャルコート神戸北１Ｆ,586-3310,生後６か月,２歳児クラス,7:30,18:30,8:30,16:30,7:30,19:00,○,○
小規模保育事業,小規模保育園　北鈴どんぐり園,（福）,12,若葉台１−１０−１９,907−6335,生後６か月,２歳児クラス,7:30,18:30,8:30,16:30,7:30,19:00,○,
小規模保育事業,アートチャイルドケア神戸谷上,（株）,19,谷上東町３－１１　ザ・谷上駅前レジデンス　１Ｆ,586-1388,生後６か月,２歳児クラス,7:30,18:30,9:00,17:00,7:30,19:30,,
事業所内保育事業,さくら保育園,（福）,20 （内地域枠5）,山田町小部字惣六畑山８－１８,596-6632,生後６か月,２歳児クラス,7:30,18:30,8:30,16:30,7:30,18:30,,
幼保連携型認定こども園,幼保連携型　明照認定こども園,（福）,130*,有野台６－２２,982-7004,生後６か月,５歳児クラス,7:30,18:30,9:00,17:00,7:00,19:00,○,○
幼保連携型認定こども園,幼保連携型　つきかげ認定こども園,（福）,60*,藤原台中町２－５－１,987-4154,生後６か月,５歳児クラス,7:00,18:00,9:00,17:00,7:00,19:00,○,○
幼保連携型認定こども園,幼保連携型認定こども園　星の杜こども園,（福）,80*,鹿の子台南町１－２－１５,952-0415,生後６か月,５歳児クラス,7:30,18:30,8:00,16:00,7:00,19:00,○,○
幼保連携型認定こども園,幼保連携型認定こども園　キッズキャンパス,(学),80*,藤原台南町１－７－５,982-6300,生後６か月,５歳児クラス,7:30,18:30,8:30,16:30,7:30,18:30,○,○
幼保連携型認定こども園,幼保連携型認定こども園　八多保育園,（福）,140,八多町下小名田３２０－１,951-0302,生後６か月,５歳児クラス,7:00,18:00,9:00,17:00,7:00,19:00,○,○
幼保連携型認定こども園,幼保連携型認定星の子こども園,（福）,150*,鹿の子台北町３－２－２４,951-1152,生後６か月,５歳児クラス,7:30,18:30,8:00,16:00,7:00,19:00,○,○
幼稚園型認定こども園,認定こども園　六甲藤原台幼稚園,（学）,70*,藤原台中町３－１７－２,981-3301,２歳児クラス,５歳児クラス,7:30,18:30,8:00,16:00,7:30,18:30,,○
保育所,からと保育所,（公立）,100,唐櫃台２－３８－５,981-5448,生後６か月,５歳児クラス,7:00,18:00,8:30,16:30,7:00,18:30,,○
保育所,道場保育園,（宗）,90,道場町道場１０６,951-3861,生後６か月,５歳児クラス,7:30,18:30,8:00,16:00,7:00,19:00,○,○
保育所,有馬保育園,（福）,90,有馬町１６４４,904-4190,生後６か月,５歳児クラス,7:30,18:30,9:00,17:00,7:00,19:00,○,○
保育所,大池保育園,（宗）,70,西大池１－２１－１１,583-0101,生後６か月,５歳児クラス,7:00,18:00,8:30,16:30,7:00,19:00,○,○
保育所,ひとみ保育園,（福）,120,藤原台北町６－１８－３６,984-2468,生後６か月,５歳児クラス,7:00,18:00,9:00,17:00,7:00,19:00,○,○
保育所,オリンピア神戸北保育園,（福）,130,上津台６－１－１,986-0820,生後６か月,５歳児クラス,7:30,18:30,8:30,16:30,7:00,19:00,○,○
家庭的保育事業,岡田　赤ちゃんホーム,（個人）,5,西山１,,生後７週目,０歳児クラス,-,-,8:00,16:00,8:00,17:30,,
小規模保育事業,いつくしみ愛児園,（宗）,19,道場町日下部１６１６,951-6700,生後６か月,２歳児クラス,7:30,18:30,9:00,17:00,7:30,19:00,○,○
小規模保育事業,しんてつ・おかば園,（株）,12,有野町有野２２６１－２,981-8201,生後６か月,２歳児クラス,7:30,18:30,8:30,16:30,7:30,18:30,,
小規模保育事業,パンダこうとく保育園,（福）,12,淡河町野瀬４５７－１,958-0575,生後６か月,２歳児クラス,7:30,18:30,9:00,17:00,7:00,19:00,○,○
小規模保育事業,小規模保育 かがやき保育園,(宗),12,道場町日下部１６１５－２,951-6700,生後６か月,２歳児クラス,7:30,18:30,9:00,17:00,7:30,19:00,○,○
小規模保育事業,こぐまプリスクール北神戸園,(特非),16,八多町中１１５０　グリーンガーデンモール北神戸内,951-1718,１歳児クラス,２歳児クラス,7:30,18:30,8:00,16:00,7:30,19:00,○,
事業所内保育事業,いちご保育園（恒生病院）,（医）,19 （内地域枠5）,道場町日下部１６６４,950-2622,生後６か月,２歳児クラス,8:00,19:00,9:00,17:00,8:00,19:00,,
分類,施設名,組織,利用定員（2・3号）,所在地,電話番号,受入開始月齢,卒園年齢,保育標準時間（11時間） 開始時間,終了時間,保育短時間（８時間） 開始時間,終了時間,延長保育 開始時間（朝）,終了時間（夕）,一時預かり（一時保育）,園庭開放
幼保連携型認定こども園,幼保連携型認定こども園　神戸保育園,（福）,80*,水笠通３－４－１４,621-2855,生後６か月,５歳児クラス,7:00,18:00,8:30,16:30,7:00,19:00,○,○
幼保連携型認定こども園,幼保連携型認定こども園　たから保育園,（福）,110*,東尻池町４－１３－１１,651-5211,生後６か月,５歳児クラス,7:00,18:00,8:30,16:30,7:00,19:00,○,○
幼保連携型認定こども園,幼保連携型認定こども園　神楽こども園,（福）,80*,神楽町２－２－２９,691-4600,生後６か月,５歳児クラス,7:00,18:00,8:30,16:30,7:00,19:00,○,○
幼保連携型認定こども園,神戸エンゼル認定こども園,（福）,60*,長楽町４－４－３,732-7887,生後６か月,５歳児クラス,7:00,18:00,8:30,16:30,7:00,19:00,○,○
幼稚園型認定こども園,認定こども園　近田幼稚園,（学）,100*,駒栄町４－１－１１,611-1344,生後１１か月,５歳児クラス,8:00,19:00,8:00,16:00,7:00,20:00,○,○
幼稚園型認定こども園,認定こども園　名倉幼稚園,（学）,40*,長田天神町１－１７－１３,691-0473,１歳児クラス,５歳児クラス,8:00,19:00,8:00,16:00,7:00,19:00,,○
保育所,長田保育所,（公立）,54,大塚町１－１－３１,691-7243,１歳児クラス,５歳児クラス,7:30,18:30,8:30,16:30,7:00,18:30,,○
保育所,菅原保育所,（公立）,120,菅原通１－７２－１,576-0234,生後６か月,５歳児クラス,7:30,18:30,8:30,16:30,7:00,18:30,○,○
保育所,本庄保育所,（公立）,90,本庄町６－６－３,731-5803,生後６か月,５歳児クラス,7:30,18:30,8:30,16:30,7:00,18:30,,○
保育所,駒栄保育所,（公立）,139,駒栄町３－１－１７,641-7555,生後６か月,５歳児クラス,7:30,18:30,8:30,16:30,7:00,18:30,,○
保育所,房王寺保育所,（公立）,142,房王寺町５－１－５－１００,643-2301,生後６か月,５歳児クラス,7:30,18:30,8:30,16:30,7:00,19:00,,○
保育所,明泉寺保育所,（公立）,120,明泉寺町１－６－８,641-4700,生後６か月,５歳児クラス,7:30,18:30,8:30,16:30,7:00,18:30,,○
保育所,長田東保育所,（公立）,54,四番町３－４－４９,577-7536,１歳児クラス,５歳児クラス,7:30,18:30,8:30,16:30,7:00,18:30,,○
保育所,浪松保育所,（公立）,120,浪松町２－１－７,731-5540,生後６か月,５歳児クラス,7:30,18:30,8:30,16:30,7:00,19:00,,○
保育所,しりいけ保育所,（公立）,120,東尻池町６－３－３７,651-4192,生後６か月,５歳児クラス,7:30,18:30,8:30,16:30,7:00,18:30,,○
保育所,ふたば保育所,（公立）,139,二葉町７－１－３０,621-8561,生後６か月,５歳児クラス,7:30,18:30,8:30,16:30,7:00,19:00,,○
保育所,新生保育園,（福）,60,平和台町２－１－２３,621-3954,生後６か月,５歳児クラス,7:00,18:00,8:30,16:30,7:00,19:00,○,○
保育所,神視保育園,（福）,110,三番町４－８,576-4249,２歳児クラス,５歳児クラス,7:00,18:00,9:00,17:00,7:00,18:30,,○
保育所,天隣乳児保育園,（福）,50,三番町４－８,576-7171,生後６か月,１歳児クラス,7:00,18:00,9:00,17:00,7:00,18:30,○,○
保育所,けやき保育園,（福）,60,大日丘町３－１０－９,643-0112,生後６か月,５歳児クラス,7:30,18:30,8:30,16:30,7:00,19:00,○,○
保育所,みすまる保育園,（福）,120,池田広町３,691-6220,生後６か月,５歳児クラス,7:00,18:00,9:00,17:00,7:00,19:00,○,○
保育所,五位の池保育園,（福）,80,五位ノ池町２－１－９,621-1801,生後６か月,５歳児クラス,7:00,18:00,8:30,16:30,7:00,19:00,○,○
保育所,ほそだ保育園,（福）,140,細田町５－２－４,642-0395,生後６か月,５歳児クラス,7:00,18:00,8:30,16:30,7:00,19:00,○,○
家庭的保育事業,豊福　赤ちゃんホーム,（個人）,4,宮川町４－８－７,,生後７週目,０歳児クラス,-,-,8:00,16:00,8:00,17:30,,
小規模保育事業,こぐまプリスクール新長田園,（特非）,19,若松町３－１－２　アスタピア駅前通り２Ｆ,642-7328,生後６か月,２歳児クラス,7:30,18:30,8:00,16:00,7:30,20:00,○,
分類,施設名,組織,利用定員（2・3号）,所在地,電話番号,受入開始月齢,卒園年齢,保育標準時間（11時間） 開始時間,終了時間,保育短時間（８時間） 開始時間,終了時間,延長保育 開始時間（朝）,終了時間（夕）,一時預かり（一時保育）,園庭開放
幼保連携型認定こども園,幼保連携型認定こども園　若木保育園,（福）,80*,若木町１－２―２９,734-6281,生後６か月,５歳児クラス,7:00,18:00,8:30,16:30,7:00,19:00,○,○
幼保連携型認定こども園,幼保連携型認定こども園　大手幼稚園,（学）,40*,大手町７－１－１,731-0128,２歳児クラス,５歳児クラス,7:30,18:30,7:30,15:30,7:00,19:00,○,○
幼保連携型認定こども園,幼保連携型認定こども園　西須磨幼稚園,（学）,60*,桜木町２－２－１,731-2922,１歳児クラス,５歳児クラス,7:00,18:00,8:00,16:00,7:00,19:00,○,○
幼保連携型認定こども園,幼保連携型認定こども園　神戸YMCAちとせ幼稚園,（学）,20*,高倉台４－１２,732-3542,３歳児クラス,５歳児クラス,7:30,18:30,8:30,16:30,7:00,19:00,,○
幼稚園型認定こども園,認定こども園　禅昌寺幼稚園,（学）,20*,禅昌寺町２－５－１,732-0944,３歳児クラス,５歳児クラス,－,18:30,9:00,17:00,8:30,18:00,,○
保育所,須磨保育所,（公立）,232,大黒町４－１－２,732-4842,生後６か月,５歳児クラス,7:30,18:30,8:30,16:30,7:00,19:00,○,○
保育所,たかとり保育所,（公立）,54,行平町２－２－１７,733-4000,生後６か月,５歳児クラス,7:30,18:30,8:30,16:30,7:00,18:30,,○
保育所,高倉台保育所,（公立）,90,高倉台４－１－３,734-0092,生後６か月,５歳児クラス,7:30,18:30,8:30,16:30,7:00,18:30,,○
保育所,東須磨愛児園　本園,（福）,40,若木町３－６－２５,733-7712,生後６か月,５歳児クラス,7:00,18:00,9:00,17:00,7:00,19:00,○,○
保育所,東須磨愛児園　分園,（福）,30,若木町３－７－３,733-7712,生後６か月,５歳児クラス,7:00,18:00,9:00,17:00,7:00,19:00,○,○
保育所,太田共同保育園,（福）,40,大黒町５－２ー１３,736-3688,生後６か月,３歳児クラス,7:00,18:00,9:00,17:00,7:00,19:00,○,○
保育所,千歳保育園,（福）,120,千歳町４－３－３６,735-0761,生後６か月,５歳児クラス,7:30,18:30,8:30,16:30,7:00,19:00,○,○
保育所,村雨保育園,（福）,120,行幸町１－２－２６,733-4363,生後６か月,５歳児クラス,7:00,18:00,8:30,16:30,7:00,19:00,○,○
保育所,村雨保育園愛分園,（福）,12,行幸町１－２－５　メゾン須磨２０００１F,735-7008,生後６か月,５歳児クラス,7:00,18:00,8:30,16:30,7:00,19:00,○,○
保育所,すまいる保育園,（福）,90,高倉町１－６－２４,731-7076,生後６か月,５歳児クラス,7:00,18:00,8:30,16:30,7:00,19:00,○,○
保育所,いたやど保育園,（福）,70,大田町１－３－２４,735-3660,生後６か月,５歳児クラス,7:00,18:00,8:30,16:30,7:00,19:00,○,○
保育所,若宮保育園,（福）,50,若宮町３－３-１７,735-3277,生後６か月,５歳児クラス,7:00,18:00,8:30,16:30,7:00,19:00,○,○
保育所,たかとりちどり保育園,（福）,80,大池町５－１０－１５,732-2500,生後６か月,５歳児クラス,7:00,18:00,8:30,16:30,7:00,19:00,○,○
家庭的保育事業,大池　赤ちゃんホーム,（個人）,5,戎町５,,生後７週目,２歳児クラス,-,-,8:00,16:00,8:00,17:30,,
家庭的保育事業,林　赤ちゃんホーム,（個人）,4,東町２,,生後７週目,２歳児クラス,-,-,8:00,16:00,8:00,18:30,,
家庭的保育事業,小原　赤ちゃんホーム,（個人）,4,飛松町４,,生後７週目,０歳児クラス,-,-,8:00,16:00,8:00,17:30,,
事業所内保育事業,ヤクルトキッズスクール須磨,（株）,19 (内地域枠5),離宮西町１-１-１３　須磨離宮前プラザ２F,767-8960,生後６か月,２歳児クラス,7:00,18:00,8:00,16:00,7:00,19:00,○,
幼保連携型認定こども園,幼保連携型認定こども園　のぞみ保育園,（福）,170*,西落合７－１－１,791-8446,生後６か月,５歳児クラス,7:00,18:00,8:30,16:30,7:00,19:00,○,○
幼保連携型認定こども園,幼保連携型認定こども園　若竹保育園,（福）,120*,南落合３－９－１,793-1112,生後６か月,５歳児クラス,7:00,18:00,8:30,16:30,7:00,19:00,○,○
幼保連携型認定こども園,幼保連携型認定こども園　名谷みどりこども園,（福）,120*,中落合２－３－２,797-7077,生後６か月,５歳児クラス,7:00,18:00,8:30,16:30,7:00,20:00,○,○
保育所,菅の台保育所,（公立）,133,菅の台４－６,791-0678,生後６か月,５歳児クラス,7:30,18:30,8:30,16:30,7:00,19:00,,○
保育所,竜が台保育所,（公立）,139,竜が台１－１１,792-8830,生後６か月,５歳児クラス,7:30,18:30,8:30,16:30,7:00,19:00,○,○
保育所,北須磨保育園,（福）,110,友が丘３－１０７,792-0674,生後６か月,５歳児クラス,7:00,18:00,8:30,16:30,7:00,19:00,○,○
保育所,あじさい保育園,（福）,60,白川台４－２０－２０,792-2345,生後６か月,５歳児クラス,7:00,18:00,8:30,16:30,7:00,19:00,○,○
保育所,やまびこ保育園,（福）,150,北落合２－１１－１５,791-3369,生後６か月,５歳児クラス,7:00,18:00,8:00,16:00,7:00,20:00,○,○
保育所,くすの木保育園,（福）,180,横尾１－１０,743-1888,生後６か月,５歳児クラス,7:30,18:30,9:00,17:00,7:00,19:00,○,○
保育所,北須磨第２保育園,（福）,80,妙法寺字荒打３００－１,743-4780,生後６か月,５歳児クラス,7:00,18:00,8:30,16:30,7:00,19:00,○,○
家庭的保育事業,堀切　赤ちゃんホーム,（個人）,5,東白川台５,,生後７週目,０歳児クラス,-,-,8:00,16:00,7:30,17:30,,
分類,施設名,組織,利用定員（2・3号）,所在地,電話番号,受入開始月齢,卒園年齢,保育標準時間（11時間） 開始時間,終了時間,保育短時間（８時間） 開始時間,終了時間,延長保育 開始時間（朝）,終了時間（夕）,一時預かり（一時保育）,園庭開放
幼保連携型認定こども園,幼保連携型認定こども園　多夢の森,（福）,90＊,南多聞台４－４－５０,787-0939,生後５７日,５歳児クラス,7:30,18:30,8:30,16:30,7:00,19:00,○,○
幼保連携型認定こども園,幼保連携型認定こども園　夢の森,（福）,60＊,高丸６－３－１,704-3008,生後５７日,５歳児クラス,7:30,18:30,8:30,16:30,7:00,19:00,○,○
幼保連携型認定こども園,幼保連携型　おとぎ認定こども園,（福）,120＊,美山台２－１－３,753-1126,生後６か月,５歳児クラス,7:00,18:00,8:30,16:30,7:00,19:00,○,○
幼保連携型認定こども園,幼保連携型認定こども園　花の森,（福）,80＊,名谷町１９４１－１,791-0601,生後５７日,５歳児クラス,7:30,18:30,8:30,16:30,7:00,19:00,○,○
幼保連携型認定こども園,幼保連携型認定こども園　心の森,（福）,60＊,清水ヶ丘３－１－１６,787-3500,生後５７日,５歳児クラス,7:30,18:30,8:30,16:30,7:00,19:00,○,○
幼保連携型認定こども園,幼保連携型認定こども園　明舞幼稚園,（学）,70＊,狩口台５－１４－１,781-2345,１歳児クラス,５歳児クラス,7:00,18:00,8:30,16:30,7:00,19:00,○,○
幼保連携型認定こども園,幼保連携型認定こども園　塩屋幼稚園,（学）,80＊,塩屋町９－２２－３,751-4114,１歳児クラス,５歳児クラス,7:00,18:00,8:30,16:30,7:00,19:00,○,○
幼保連携型認定こども園,幼保連携型小束山認定こども園,（福）,120＊,小束山本町２－１３－１,783-0003,生後６か月,５歳児クラス,7:00,18:00,8:00,16:00,7:00,19:00,○,○
幼保連携型認定こども園,幼保連携型認定こども園　桃の木幼稚園,(学),120＊,桃山台３－２３－２,753-0123,生後６か月,５歳児クラス,7:00,18:00,8:00,16:00,7:00,19:00,○,○
幼保連携型認定こども園,幼保連携型認定こども園　上高丸,（福）,70＊,高丸８－１５－１２,709-4018,生後６か月,５歳児クラス,7:30,18:30,8:30,16:30,7:00,19:00,○,○
幼稚園型認定こども園,認定こども園　霞ヶ丘幼稚園,（学）,50＊,五色山８－２－２９,706-0055,２歳児クラス,５歳児クラス,8:00,19:00,8:00,16:00,7:00,19:00,,○
幼稚園型認定こども園,認定こども園　湊川短期大学附属神陵台幼稚園,（学）,30＊,神陵台５－８－６,781-5321,満３歳,５歳児クラス,7:00,18:00,8:00,16:00,7:00,19:00,,○
幼稚園型認定こども園,認定こども園　湊川短期大学附属西舞子幼稚園,（学）,50＊,南多聞台５－８－１,781-1558,2歳児クラス,５歳児クラス,7:00,18:00,8:00,16:00,7:00,19:00,,○
幼稚園型認定こども園,認定こども園　聖マリアの園幼稚園,(学),10＊,舞子台８－２０－２,781-7181,満３歳,５歳児クラス,7:30,18:30,8:00,16:00,7:30,18:30,,○
保育所,奥ノ池保育所,（公立）,98,狩口台３－１－５,781-6163,生後６か月,５歳児クラス,7:30,18:30,8:30,16:30,7:00,19:00,,○
保育所,星陵台保育所,（公立）,57,星陵台８－１３－１,783-1434,１歳児クラス,５歳児クラス,7:30,18:30,8:30,16:30,7:00,18:30,,○
保育所,本多聞保育所,（公立）,141,本多聞４－１－２,784-0213,生後６か月,５歳児クラス,7:30,18:30,8:30,16:30,7:00,19:00,○,○
保育所,川原保育所,（公立）,116,川原２－１－１３,753-4775,生後６か月,５歳児クラス,7:30,18:30,8:30,16:30,7:00,19:00,,○
保育所,東高丸保育所,（公立）,56,東垂水１－１－３,753-5366,１歳児クラス,５歳児クラス,7:30,18:30,8:30,16:30,7:00,18:30,,○
保育所,向陽保育所,（公立）,124,向陽１－３－２５,708-0544,生後６か月,５歳児クラス,7:30,18:30,8:30,16:30,7:00,18:30,○,○
保育所,舞子保育園,（福）,130,西舞子２－１２－２７,782-6341,生後６か月,５歳児クラス,7:00,18:00,8:00,16:00,7:00,20:00,○,○
保育所,歌敷山保育園,（福）,70,歌敷山２－５－９,707-3369,生後６か月,５歳児クラス,7:00,18:00,8:00,16:00,7:00,19:00,○,○
保育所,東垂水保育園,（福）,60,山手７－４－７,753-1902,生後６か月,５歳児クラス,7:00,18:00,8:30,16:30,7:00,19:00,○,○
保育所,塩屋保育園,（福）,60,塩屋町３－２３－１,753-4334,生後６か月,５歳児クラス,7:00,18:00,8:30,16:30,7:00,19:00,○,○
保育所,滝の茶屋保育園,（福）,90,城が山１－６－２２,753-3634,生後６か月,５歳児クラス,7:00,18:00,8:30,16:30,7:00,19:00,○,○
保育所,学が丘保育園,（福）,150,学が丘４－９－１０,781-0303,生後６か月,５歳児クラス,7:00,18:00,9:00,17:00,7:00,19:00,○,○
保育所,学が丘保育園分園,（福）,50,学が丘４－６－１,783-6811,生後６か月,５歳児クラス,7:00,18:00,9:00,17:00,7:00,19:00,,
保育所,たるみ保育園,（福）,140,平磯４－５－１４,707-5888,生後６か月,５歳児クラス,7:00,18:00,8:00,16:00,7:00,19:00,○,○
保育所,ドレミキッズ保育園,（株）,60,舞子台２－９－５,784-8881,生後６か月,５歳児クラス,7:00,18:00,9:00,17:00,7:00,19:00,○,
保育所,千鳥が丘親和保育園,（福）,120,千鳥が丘３－２３－２５,705-2440,生後６か月,５歳児クラス,7:00,18:00,8:30,16:30,7:00,19:00,○,○
保育所,ことぶき保育園,（福）,90,福田４－６－１８,708-4882,生後６か月,５歳児クラス,7:00,18:00,8:30,16:30,7:00,19:00,○,○
保育所,ひとまる保育園,（福）,90,本多聞１－２０－４０,784-5984,生後６か月,５歳児クラス,7:00,18:00,8:30,16:30,7:00,19:00,○,○
保育所,かすみがおか虹保育園,（福）,90,霞ヶ丘１－６－１９,707-5554,生後６か月,５歳児クラス,7:00,18:00,8:30,16:30,7:00,19:00,○,○
保育所,たけの保育園,（福）,60,山手２－３－１８,753-7777,生後６か月,５歳児クラス,7:00,18:00,8:30,16:30,7:00,19:00,○,○
保育所,たけの保育園そら分園,（福）,20,中道２－３－５,755-1313,生後６か月,５歳児クラス,7:00,18:00,8:30,16:30,7:00,19:00,○,
保育所,かすが保育園,（福）,90,北舞子２－５－１４,781-5888,生後６か月,５歳児クラス,7:00,18:00,8:30,16:30,7:00,19:00,○,○
保育所,多聞台保育園,（福）,100,多聞台３－９－１３,781-2286,生後６か月,５歳児クラス,7:00,18:00,8:30,16:30,7:00,19:00,○,○
保育所,たかつか保育園,（福）,60,小束山手１－２４－１,795-2424,生後６か月,５歳児クラス,7:00,18:00,8:30,16:30,7:00,19:00,○,○
家庭的保育事業,岩崎　赤ちゃんホーム,（個人）,5,多聞台２,,生後７週目,,-,-,8:00,16:00,8:00,18:30,,
家庭的保育事業,藤田赤ちゃんホームひまわり,（個人）,5,仲田３－３－１３,,生後７週目,２歳児クラス,7:00,18:00,8:00,16:00,7:00,20:00,,
家庭的保育事業,きたぐち　赤ちゃんホーム,（個人）,4,西舞子４,,生後７週目,０歳児クラス,7:30,18:30,8:00,16:00,7:30,18:30,,
家庭的保育事業,井口　赤ちゃんホームinジェームス山,（個人）,4,青山台１－５－６,,生後７週目,,-,-,8:00,16:00,8:00,18:00,,
家庭的保育事業,はやし赤ちゃんホームin五色山,（個人）,5,五色山７－４－１７,,生後７週目,２歳児クラス,7:00,18:00,8:00,16:00,7:00,20:00,,
家庭的保育事業,大塚　赤ちゃんホーム,（個人）,5,千鳥が丘３－１５－２１,,生後７週目,０歳児クラス,-,-,8:00,16:00,7:30,18:00,,
小規模保育事業,ちっちゃなこども園ふたば,（特非）,12,舞多聞東２−６−９,784-5333,生後６か月,２歳児クラス,7:30,18:30,8:30,16:30,7:30,18:30,,
小規模保育事業,本多聞小規模保育園,（福）,12,本多聞３－５－２３－１０２,785-8020,生後６か月,２歳児クラス,7:30,18:30,8:00,16:00,7:30,19:00,○,
小規模保育事業,青山台小規模保育園,（福）,12,青山台４－８－１８　青山台モリビル２F,742-8636,生後６か月,２歳児クラス,7:30,18:30,8:00,16:00,7:30,19:00,○,
小規模保育事業,虹っこひろば,（特非）,12,王居殿３－１９－５,752-3282,生後６か月,２歳児クラス,7:30,18:30,9:00,17:00,7:30,18:30,○,
小規模保育事業,小規模保育園　たるみ駅ナカ,（福）,19,神田町１－２０　ＪＲ垂水駅（西口）構内,708-3600,満１歳,２歳児クラス,7:00,18:00,8:00,16:00,7:00,19:00,○,
小規模保育事業,垂水駅前小規模保育園,（福）,19,神田町２－３１　タケミカビル２Ｆ,754-6660,生後６か月,２歳児クラス,7:30,18:30,8:00,16:00,7:00,19:00,○,
小規模保育事業,つくし,(学),19,星が丘２－１－６５,709-5656,生後６か月,２歳児クラス,7:30,18:30,8:00,16:00,7:30,18:30,○,
小規模保育事業,小規模保育園CHES（チェス）,（株）,12,清水通３－１０　シャルマンフジ神戸壱番館１F,754-7500,生後６か月,２歳児クラス,7:30,18:30,8:30,16:30,7:30,19:00,○,
小規模保育事業,ハープキッズ,（株）,12,舞子台２－９－５,783-7733,満１歳,２歳児クラス,7:00,18:00,9:00,17:00,7:00,19:00,○,
小規模保育事業,小規模保育園さくら,（福）,19,舞子台６－２０－２０,747-0761,生後６か月,２歳児クラス,7:00,18:00,8:30,16:30,7:00,19:00,○,
小規模保育事業,小規模保育園KOBILS,(株),12,桃山台４－４－１３,766-5795,生後６か月,２歳児クラス,7:30,18:30,9:00,17:00,7:30,19:00,○,
小規模保育事業,小規模保育事業　花の森,（福）,12,名谷町字大谷１９０５－７　アーバンヴィレッジ学園南２F,742-6090,生後６か月,２歳児クラス,7:30,18:30,8:30,16:30,7:00,19:00,○,
小規模保育事業,キッズブライト・ナーサリー垂水,(一社),19,天ノ下町１０－５　シルバーウィリアムス１F,707-2620,生後６か月,２歳児クラス,7:30,18:30,8:30,16:30,7:00,19:00,○,
小規模保育事業,ちっちゃなこども園よつば,（特非）,19,舞多聞西５－１１－１,784-5333,生後６か月,２歳児クラス,7:30,18:30,8:30,16:30,7:30,19:00,○,
小規模保育事業,小規模保育園ちゃいるどるーむ,(特非),19,神陵台７-１３-１７,781-6016,生後６か月,２歳児クラス,7:00,18:00,8:00,16:00,7:00,19:00,,
事業所内保育事業,いるか保育園,（一社）,12 （内地域枠4）,学が丘１－１９－８,781-2611,生後６か月,２歳児クラス,7:30,18:30,9:00,17:00,7:30,18:30,,
事業所内保育事業,オービーホームキッズ,(福),12 (内地域枠5),名谷町字猿倉273-7　特別養護老人ホームオービーホーム新館１F,706-0017,生後９週目,２歳児クラス,7:00,18:00,8:30,16:30,7:00,19:30,,
事業所内保育事業,ハートランド・きっず,(有),25 (内地域枠10),舞子台７－３－８　有料老人ホーム／ハートランド舞子台４F,781-9191,生後７週目,２歳児クラス,8:00,19:00,8:30,16:30,8:00,19:00,,
